CREATE DATABASE  IF NOT EXISTS `ventatienda` /*!40100 DEFAULT CHARACTER SET utf8 COLLATE utf8_general_ci */;
USE `ventatienda`;
-- MySQL dump 10.13  Distrib 8.0.38, for Win64 (x86_64)
--
-- Host: 127.0.0.1    Database: ventatienda
-- ------------------------------------------------------
-- Server version	5.5.5-10.4.32-MariaDB

/*!40101 SET @OLD_CHARACTER_SET_CLIENT=@@CHARACTER_SET_CLIENT */;
/*!40101 SET @OLD_CHARACTER_SET_RESULTS=@@CHARACTER_SET_RESULTS */;
/*!40101 SET @OLD_COLLATION_CONNECTION=@@COLLATION_CONNECTION */;
/*!50503 SET NAMES utf8 */;
/*!40103 SET @OLD_TIME_ZONE=@@TIME_ZONE */;
/*!40103 SET TIME_ZONE='+00:00' */;
/*!40014 SET @OLD_UNIQUE_CHECKS=@@UNIQUE_CHECKS, UNIQUE_CHECKS=0 */;
/*!40014 SET @OLD_FOREIGN_KEY_CHECKS=@@FOREIGN_KEY_CHECKS, FOREIGN_KEY_CHECKS=0 */;
/*!40101 SET @OLD_SQL_MODE=@@SQL_MODE, SQL_MODE='NO_AUTO_VALUE_ON_ZERO' */;
/*!40111 SET @OLD_SQL_NOTES=@@SQL_NOTES, SQL_NOTES=0 */;

--
-- Table structure for table `ciudad`
--

DROP TABLE IF EXISTS `ciudad`;
/*!40101 SET @saved_cs_client     = @@character_set_client */;
/*!50503 SET character_set_client = utf8mb4 */;
CREATE TABLE `ciudad` (
  `id` int(11) NOT NULL AUTO_INCREMENT,
  `nombre` varchar(45) NOT NULL,
  PRIMARY KEY (`id`)
) ENGINE=InnoDB AUTO_INCREMENT=5 DEFAULT CHARSET=utf8 COLLATE=utf8_general_ci;
/*!40101 SET character_set_client = @saved_cs_client */;

--
-- Dumping data for table `ciudad`
--

LOCK TABLES `ciudad` WRITE;
/*!40000 ALTER TABLE `ciudad` DISABLE KEYS */;
INSERT INTO `ciudad` VALUES (1,'Cartagena'),(2,'Bogota'),(3,'Medellin'),(4,'Cali');
/*!40000 ALTER TABLE `ciudad` ENABLE KEYS */;
UNLOCK TABLES;

--
-- Table structure for table `clientes`
--

DROP TABLE IF EXISTS `clientes`;
/*!40101 SET @saved_cs_client     = @@character_set_client */;
/*!50503 SET character_set_client = utf8mb4 */;
CREATE TABLE `clientes` (
  `id` int(11) NOT NULL AUTO_INCREMENT,
  `nombre` varchar(45) NOT NULL,
  `id_ciudad` int(11) NOT NULL,
  PRIMARY KEY (`id`),
  KEY `fk_clientes_ciudad_idx` (`id_ciudad`),
  CONSTRAINT `fk_clientes_ciudad` FOREIGN KEY (`id_ciudad`) REFERENCES `ciudad` (`id`) ON DELETE NO ACTION ON UPDATE NO ACTION
) ENGINE=InnoDB AUTO_INCREMENT=6 DEFAULT CHARSET=utf8 COLLATE=utf8_general_ci;
/*!40101 SET character_set_client = @saved_cs_client */;

--
-- Dumping data for table `clientes`
--

LOCK TABLES `clientes` WRITE;
/*!40000 ALTER TABLE `clientes` DISABLE KEYS */;
INSERT INTO `clientes` VALUES (1,'Juan Perez',1),(2,'Ana Lopez',3),(3,'Luis Gomez',2),(4,'Oscar Perez',1),(5,'Ivan Dolusar',3);
/*!40000 ALTER TABLE `clientes` ENABLE KEYS */;
UNLOCK TABLES;

--
-- Table structure for table `factura_venta`
--

DROP TABLE IF EXISTS `factura_venta`;
/*!40101 SET @saved_cs_client     = @@character_set_client */;
/*!50503 SET character_set_client = utf8mb4 */;
CREATE TABLE `factura_venta` (
  `id` int(11) NOT NULL AUTO_INCREMENT,
  `id_cliente` int(11) NOT NULL,
  `monto` int(11) NOT NULL,
  `fecha` date NOT NULL,
  PRIMARY KEY (`id`),
  KEY `fk_fecha_venta_clientes1_idx` (`id_cliente`),
  CONSTRAINT `fk_fecha_venta_clientes1` FOREIGN KEY (`id_cliente`) REFERENCES `clientes` (`id`) ON DELETE NO ACTION ON UPDATE NO ACTION
) ENGINE=InnoDB AUTO_INCREMENT=8 DEFAULT CHARSET=utf8 COLLATE=utf8_general_ci;
/*!40101 SET character_set_client = @saved_cs_client */;

--
-- Dumping data for table `factura_venta`
--

LOCK TABLES `factura_venta` WRITE;
/*!40000 ALTER TABLE `factura_venta` DISABLE KEYS */;
INSERT INTO `factura_venta` VALUES (1,1,1200,'2024-11-01'),(2,1,800,'2024-11-02'),(3,2,500,'2024-11-03'),(4,3,300,'2024-11-04'),(5,2,700,'2024-11-01'),(6,4,500,'2024-11-05'),(7,3,1500,'2024-11-02');
/*!40000 ALTER TABLE `factura_venta` ENABLE KEYS */;
UNLOCK TABLES;

--
-- Dumping events for database 'ventatienda'
--

--
-- Dumping routines for database 'ventatienda'
--
/*!50003 DROP FUNCTION IF EXISTS `fechaMayorVenta` */;
/*!50003 SET @saved_cs_client      = @@character_set_client */ ;
/*!50003 SET @saved_cs_results     = @@character_set_results */ ;
/*!50003 SET @saved_col_connection = @@collation_connection */ ;
/*!50003 SET character_set_client  = utf8mb4 */ ;
/*!50003 SET character_set_results = utf8mb4 */ ;
/*!50003 SET collation_connection  = utf8mb4_general_ci */ ;
/*!50003 SET @saved_sql_mode       = @@sql_mode */ ;
/*!50003 SET sql_mode              = 'NO_ZERO_IN_DATE,NO_ZERO_DATE,NO_ENGINE_SUBSTITUTION' */ ;
DELIMITER ;;
CREATE DEFINER=`root`@`localhost` FUNCTION `fechaMayorVenta`() RETURNS date
    DETERMINISTIC
BEGIN
    DECLARE fecha DATE;
    SELECT fv.fecha INTO fecha
    FROM Factura_Venta fv
    WHERE fv.monto = (SELECT MAX(monto) FROM Factura_Venta);
    RETURN fecha;
END ;;
DELIMITER ;
/*!50003 SET sql_mode              = @saved_sql_mode */ ;
/*!50003 SET character_set_client  = @saved_cs_client */ ;
/*!50003 SET character_set_results = @saved_cs_results */ ;
/*!50003 SET collation_connection  = @saved_col_connection */ ;
/*!50003 DROP FUNCTION IF EXISTS `totalVentasCiudad` */;
/*!50003 SET @saved_cs_client      = @@character_set_client */ ;
/*!50003 SET @saved_cs_results     = @@character_set_results */ ;
/*!50003 SET @saved_col_connection = @@collation_connection */ ;
/*!50003 SET character_set_client  = utf8mb4 */ ;
/*!50003 SET character_set_results = utf8mb4 */ ;
/*!50003 SET collation_connection  = utf8mb4_general_ci */ ;
/*!50003 SET @saved_sql_mode       = @@sql_mode */ ;
/*!50003 SET sql_mode              = 'NO_ZERO_IN_DATE,NO_ZERO_DATE,NO_ENGINE_SUBSTITUTION' */ ;
DELIMITER ;;
CREATE DEFINER=`root`@`localhost` FUNCTION `totalVentasCiudad`(nombre_ciudad VARCHAR(50)) RETURNS decimal(10,2)
    DETERMINISTIC
BEGIN
    DECLARE total DECIMAL(10, 2);
    SELECT SUM(fv.monto) INTO total
    FROM Ciudad ci
    JOIN Clientes cl ON ci.id = cl.id_ciudad
    JOIN Factura_Venta fv ON cl.id = fv.id_cliente
    WHERE ci.nombre = nombre_ciudad;
    RETURN total;
END ;;
DELIMITER ;
/*!50003 SET sql_mode              = @saved_sql_mode */ ;
/*!50003 SET character_set_client  = @saved_cs_client */ ;
/*!50003 SET character_set_results = @saved_cs_results */ ;
/*!50003 SET collation_connection  = @saved_col_connection */ ;
/*!40103 SET TIME_ZONE=@OLD_TIME_ZONE */;

/*!40101 SET SQL_MODE=@OLD_SQL_MODE */;
/*!40014 SET FOREIGN_KEY_CHECKS=@OLD_FOREIGN_KEY_CHECKS */;
/*!40014 SET UNIQUE_CHECKS=@OLD_UNIQUE_CHECKS */;
/*!40101 SET CHARACTER_SET_CLIENT=@OLD_CHARACTER_SET_CLIENT */;
/*!40101 SET CHARACTER_SET_RESULTS=@OLD_CHARACTER_SET_RESULTS */;
/*!40101 SET COLLATION_CONNECTION=@OLD_COLLATION_CONNECTION */;
/*!40111 SET SQL_NOTES=@OLD_SQL_NOTES */;

-- Dump completed on 2024-11-15 21:55:07
